clase,hu1,hu2,hu3,hu4,hu5,hu6,hu7
triangle,0.6301974972758037,0.5003344573029299,1.5998527988965936,0.2163453389366626,0.4314394782915604,0.4670856672528626,0.10699047250717458
triangle,0.3999912768733482,1.4191039329795838,0.4349662002395725,0.815712553969899,1.0301039114034565,1.6470603289206922,1.496091245862453
triangle,0.7207728897163338,0.7013562428709874,1.572822094422228,0.5071644555066509,0.596995911631257,0.6119927355672875,0.012956286060793671
triangle,0.6478332066243141,1.1043957761177214,1.6491772412867778,0.25058123075403005,0.4128646269773654,0.8305023588794647,0.03991771510892314
triangle,0.8480654075038946,0.7790114640768968,2.002270664487715,1.3173279668995326,2.959161616604817,0.8903713736982266,2.4270508816821277
triangle,0.6163935492199509,0.21433639305463117,1.6300918984929371,0.6756412817434455,1.825405321437742,0.2992196454024048,0.9044407101287663
triangle,0.6111036078832109,0.1196474158168375,1.696951492300941,1.9007376647878877,2.1811980049389663,2.007291926956301,2.128306336130744
triangle,0.6271044483884589,0.7667783157373308,1.5795315223013153,0.15270690221008412,0.9696135841675303,0.2538958144680019,0.6723450544251077
triangle,0.43841064206710467,0.590628199948039,0.5770231748857538,0.6609344103424376,1.717305560663659,1.2390024223208733,0.7049315930908133
triangle,0.6548274201762052,1.028953174452151,1.5416304339612967,0.38542915203539685,1.282494341462365,0.17600720978481796,1.0594916815041817
triangle,0.6526446343355292,0.4120214191295571,1.4661036846371818,0.3487417203078484,0.037242034847944014,0.2156458681955544,0.0795490633458052
triangle,0.6295094739720559,0.5690206720880105,1.4927681647816509,0.043817191739126744,0.7874553410359568,0.5130663386983461,0.3274704246678713
triangle,0.5714974423346243,0.37497683880578386,1.219452901582351,0.24815896652722094,0.9002386975558299,0.5365638734311593,0.7301854064550619
triangle,0.6196918973103775,0.10744891157532935,1.4433392679282058,0.41519542138819193,0.3465328927499577,0.46082529941241823,1.3422593519681538
triangle,0.7148759438455373,0.2456281130369838,1.9643486979944895,0.39400933117257664,1.4337253574370992,0.3855015125239396,1.4110285241645855
triangle,0.6734194551853433,0.08769479943512741,1.89267143119973,0.22566361310361926,0.9354716144538148,0.2297171010217196,1.2363447470765079
triangle,0.653165568441614,0.4646736873565278,1.5317376767186655,0.20908151623533214,0.3718239684961352,0.13133684208370178,0.1975867893110481
triangle,0.6433755250196176,0.25076973906024136,1.4569295527975419,0.29631363887892265,0.2839780187652218,0.5600499669930327,1.778306310646812
triangle,0.5544674280852273,0.07741074126591879,1.2310024576072531,0.7729623181658961,0.724237041496401,2.0226143389517843,0.6682732959999796
triangle,0.6320369484591428,0.36624658500182683,1.412803178348258,0.3170329433433032,1.135121270580855,0.0955181587203641,0.8258404622653941
triangle,0.5680859736685882,0.12051128022934245,1.4561073428297977,0.5273446631355851,0.37767828731764413,0.7172179803617488,0.12105620496324805
triangle,0.6649766291951943,0.39804147178119326,1.6876070518480417,0.5769000154985513,0.2326873604676623,1.3637909761791633,0.12472014985336159
triangle,0.43902997689674395,1.6650788137669819,1.0449119005119119,0.24537724470704939,0.13129371294647946,1.1118793471126194,0.08655445916736562
triangle,0.6653429746151563,0.10130951774782214,1.5950198111999452,0.5974899744564505,0.6106440078534399,1.289370863500164,0.12031897140696354
triangle,0.4496229025798938,0.12878270667886396,0.8238665011103499,0.7796793372757524,0.9503738138599978,2.8051176394512916,0.8727314183112698
triangle,0.3483482730143506,1.3071517354330595,0.620542163031421,1.0741662300317243,1.5732208255135587,1.796179659401274,1.3739589214926804
triangle,0.3892305127899923,1.2325543361114804,0.8237826193634954,0.45905714024150224,0.6599788967795186,1.5311362539388729,0.3174620162221663
triangle,0.6420429823335769,0.5833222425046867,1.6805251649816109,0.16066457323242955,0.5653610279778598,0.9604035993804539,0.17928666539718885
triangle,0.632772835810172,2.2777490784675143,1.6550091267719715,0.21170099789590371,0.9387551907030962,1.630333973256844,1.038884947930991
triangle,0.5842930717875756,0.42682673965624696,1.4999189958939392,0.151215655964135,0.89567668289943,0.06769344126711513,0.723640747392717
triangle,0.6046176265552247,0.8039077376298089,1.6192481081710677,0.0169157340628032,0.3187777451216438,0.45637896524374183,0.7828950995341287
triangle,0.6168486884593916,0.930866290627025,1.3847763304636658,1.3142648029024642,1.780378957645108,1.845380250796358,1.3017361033473214
triangle,0.6233733192065836,0.2093931492634692,1.47687860519534,1.001082214839245,0.7704936366853398,1.709560371791679,1.5032584220424046
triangle,0.3032868549025833,0.5418415657258734,0.41016996302193237,1.4383066873062,3.593773992578145,1.9130669551947275,1.9524883076555082
triangle,0.7207376783460889,0.5174798614371796,1.9499926958037461,0.6764500590668521,1.9895961364098058,0.24144831472188344,0.2596543841280345
triangle,0.7135808010921614,0.13548224492391053,1.638176177524673,0.36610667247799455,1.282034586690229,0.4107760189121985,1.1259761962199553
triangle,0.7609770248506598,0.12539944225113772,1.7942889649177758,0.3612191176644236,1.4350632211020529,0.05150349888794053,0.5647288928992292
triangle,0.6404303837213192,0.43076138659989405,1.666520730754212,0.6788018184274255,1.1442182595547379,0.938591552461246,0.1875776933621196
triangle,0.6619783640529104,0.5589018979559782,1.7429770147681185,0.3874574835794786,0.2707186175610241,0.6710747630928737,0.24184614274729618
triangle,0.6718563090360842,0.6229564227298835,1.6187118534036102,0.39041969041950675,1.3949125395390067,0.16610643787845458,0.34199651160663214
triangle,0.3848695296688972,1.024434432308961,0.5972477675721435,1.5707899202030853,2.584559364379349,2.2791293100575922,2.0776370802747666
triangle,0.5802571775441875,0.6032025282673092,1.4529921919088986,0.637338752998712,0.2423617997838977,0.9793747006163823,0.8498347789271805
triangle,0.6804155843875827,0.7564938685413193,1.6768543195508177,0.2980410876150163,1.2654011746871192,0.08020787993716694,0.7586094507663705
triangle,0.8686878505163277,1.0022297029486031,2.3989084839454424,0.9496987544032486,2.1826286660295176,1.1281890281860416,2.5935136720710537
triangle,0.6219986655970048,0.9369175483934493,1.6900666749489224,0.13697696837792653,1.0464635156255016,1.6243249413675587,0.18304365647514323
triangle,0.6658278123383814,0.7987084793152353,1.7270077852946621,0.17020179734107838,0.5573851479657437,0.6285821341215561,0.2679117262575591
triangle,0.5963131098044417,0.6558712806410186,1.5047273424257588,0.1688854349159451,0.4978020653568175,0.5667587887086354,0.6243966861061784
triangle,0.6104451076103509,0.6585482006571806,1.5237032785818556,0.38193122026176596,0.15284008422193163,0.7742157522871791,0.13853395557368697
triangle,0.7108006159386423,0.25737489117165174,1.8129845247978411,0.36726443024940475,0.7243114684153968,0.251446277915805,0.35408745697676747
triangle,0.637344542803532,0.686320079420408,1.3400255958105451,0.9490235582806799,0.9400745335340145,1.4609991461826968,0.8731385311331064
triangle,0.3122286985689706,0.8258650481358106,0.6145002839656577,1.2178191629725506,1.587220116107905,2.5685379005691114,1.8054192517625374
triangle,0.3467884138420776,0.9701319536925634,0.5988577238501565,1.163904666433008,2.264678138423416,1.6671674290168785,1.451501759130003
triangle,0.6339236191206166,0.89382804082261,1.4542077909145863,0.32488179012644325,0.9486810722775675,1.46415284353596,1.1387952637019976
triangle,0.610676695617148,0.40433849761357077,1.6037732216544487,1.359765316001854,1.932098018020972,1.7126218667240896,1.2468209649933273
triangle,0.6524104131829409,0.3622789995646206,1.6961993347833348,0.5267271609236248,0.6217573922572106,1.4923956738816195,0.04830632544689277
triangle,0.6363088207682874,0.508543151516903,1.7744838719632567,1.2096169430286563,0.9606031278307539,1.485519602316381,1.3500552514947213
triangle,0.7686772584824155,0.22387976506691828,1.4682422484544664,0.8209318825362685,1.0991152402338826,0.7571782755860893,1.961463903440572
triangle,0.6765486349866215,0.22247233186201776,1.578388663564736,0.25227216462191104,0.46839468490744407,0.4864654673559424,0.4069648084796392
triangle,0.8056436489208265,1.6021141361623945,0.7635284340024977,0.31483988332985746,0.8040195110178507,0.8671955311520608,0.5106288780821295
triangle,0.6161355268628497,0.3953236839897242,1.5551126469470367,0.4989841117446344,0.017322459552554036,0.7519832154517848,0.6099882051410399
triangle,0.6832175249164156,0.21561231006530976,1.6899732133123841,0.3250380982394141,0.2585658207389482,0.32281833394090137,0.13901100748472825
triangle,0.7551858032738101,0.35171902370399144,1.7802890352385887,0.5029324815788455,1.6444578307240796,0.27554861944732667,0.05812413266581596
triangle,0.6580252144911604,0.5257098537245539,1.693004490964925,0.2365408452647065,0.4755313111971827,0.5004564156749486,0.08049971332267765
triangle,0.4002409297147078,1.6726052672304839,0.9336327965097354,0.8838106888610131,0.8870647169026828,1.7583917248894456,1.3163516315055792
triangle,0.6008721892289239,0.15848643858374514,1.3311690085165013,0.2967127399091511,1.108838065738766,0.20289361982617243,0.07087322813416526
triangle,0.670557829518443,0.4064853217845863,1.5553451989883218,0.2306145003709894,1.0109419068556769,0.8470894588037859,0.9271909336357749
triangle,0.6307536290325089,0.5321041723864395,1.341279769277375,0.19414300125522055,0.3543784662642003,0.6272064223981407,0.10197773589843047
triangle,0.6829869600654916,0.15548976342400994,1.6825512237305174,0.14290889725221265,1.0470889823577774,0.3335157494806035,0.34898327125902145
triangle,0.653733932720544,0.819039668032213,1.6927119361904182,0.05789759779688224,0.6869148593803478,0.4695926704046241,0.4862978279301334
triangle,0.5356654759556283,0.09510908581305093,1.4987258457572707,0.2492910970386083,0.3639745005119021,0.38572198031842964,0.2692151678640279
triangle,0.6020255653748451,0.26018105266668795,1.5893520605382887,0.4879660971462408,0.26670619217254404,0.6256494025144984,0.00895559934103877
triangle,0.6727260599387958,0.025349619439354022,1.6695694134286616,0.055006507746751636,0.7484137800674024,0.36169552883666717,0.1246707526349389
triangle,0.6787864346708938,0.5864637277401296,1.8763297911148478,1.716318459669482,1.7079010901559126,2.8619916970345227,1.9120806023115136
triangle,0.5424200028713255,0.2410789485375628,1.264691955523777,0.999186960128399,1.3578898554080903,1.1527016090675732,0.8902837005632923
triangle,0.6149984671764007,0.004605595506442626,1.5528580959663172,0.26053310049084,0.7765321645899068,0.23874939475402962,1.1279608105995376
triangle,0.6812153148312189,0.24306114172648657,1.6802225642234605,0.06074732593273431,0.7371047930150929,0.3197983897623104,0.11220622266224588
triangle,0.3333301563835425,0.794146164270038,0.9597315182897207,1.3772182692303019,1.5934152102495922,1.9257646446934877,2.3218728876956383
triangle,0.6142245371007103,0.20046903693229268,1.4731088445981637,0.11485771925540579,0.098200373412995,0.21565171779314238,0.5537408997448968
triangle,0.6067544085114522,0.6213609908323152,1.458266218433219,0.2726038307805473,0.8146294658222785,0.17101475924666784,1.1380118503565668
triangle,0.6718213602035985,0.19075472480152575,1.5900474662106874,0.3510050984270116,1.261249700044087,0.6052961058764227,1.0138028881577272
triangle,0.6160677042640487,0.703271548387452,1.4407157035914386,0.08017793476960751,0.6631199110356257,2.13759029235038,0.7141127801006935
triangle,0.7195509196402567,0.11456017917301235,1.8177859269966774,0.5649624301829848,0.47285606202784586,1.8616301999418452,0.042068120659110614
triangle,0.7533818823935516,0.325031114636591,1.7336790845386922,0.4175986822435095,1.4689188951466718,0.2550046176358622,1.0057844534409242
triangle,0.7725879719828734,0.2838930819251342,1.9679473502200686,0.16764028556236105,1.1790523919608913,0.08413318950253963,0.9150448485187608
triangle,0.6419096221146174,0.344031041765951,1.5969593354312113,0.11474444067689138,0.4732980191342122,0.5584680847919212,0.47836840095733024
triangle,0.6540168007497948,0.20289179986792705,1.6900486427949417,0.43476163938052304,1.4094512164699438,0.18239236875218573,1.2579445131189821
triangle,0.6793595086362301,0.5098542732489613,1.665694480239852,0.1541207707163315,0.4443901002114928,0.432975997543819,0.45770790640359116
triangle,0.6646730519481843,0.13716028534471927,1.6384774347212914,0.04269058083005091,0.6467366731996419,0.7437104440550022,0.5524925606950446
triangle,0.6755350678870979,0.07109513464517897,1.4812069667804522,0.6464310168096723,0.5665469959806148,1.7104189860016472,0.28059952656606735
triangle,0.5779616752934984,0.3281383352069823,1.15207612920635,0.15741776016270004,0.6826137809186847,0.3852308285679079,0.3379450382059974
triangle,0.3502465408066486,0.5163263261385991,0.42605145187881094,1.1297247263051873,1.6560194537020092,2.1882036136661815,1.6105130530481957
triangle,0.7194956420821859,0.3232470084469804,1.7105515604813597,0.14782247375691812,1.0291791808138253,0.2344668517177373,0.7250075748465842
triangle,0.6270391968811434,0.06419602911176235,1.67599647141759,0.9109181361900572,1.4781972494281077,0.974359119983027,0.5311323617905988
triangle,0.6771866845721158,0.25855093991042283,1.6319026909346603,0.2104927825774174,1.0543147221625495,0.04707782130299825,0.870075618812632
triangle,0.6260768198545577,0.25588995287493627,1.3678501001825434,0.17598593563957737,0.8930560583733969,0.09208881183510594,0.6222597617989617
triangle,0.6012505466908247,0.4523477672161109,1.6284835922687573,0.005434154960536086,0.8189340239984053,0.3853429537232203,0.07823576739679712
triangle,0.6455996782172796,0.6939320945001614,1.5584221250277888,0.8218807370592736,0.45401542835162484,0.6186753317612037,1.818255876356045
triangle,0.6953761909806518,1.251499113646609,1.699837534621155,0.3342681117122373,0.6192334939350823,0.4769417737625141,1.3437326145410493
triangle,0.6844429401522529,0.49153277515086247,1.7858431143271014,0.16125363782563393,1.0667827257209133,0.3307357227464019,0.8496182948061566
triangle,0.3534014485095936,0.04469112324301706,0.6308271652130669,1.5947965520440825,2.14756290388151,1.70983806866924,2.3546283776946733
triangle,0.7485760336580222,0.5307963489257017,1.5029722618906818,0.316809936570676,1.1900016194787395,0.5673411243684146,0.8225621227691502
triangle,0.6662748235564445,0.15496192778865364,1.7483089729184826,0.750804053542937,0.2540595482756654,0.9676417929711123,1.2700550300730804
triangle,0.648327935378659,0.4785355539048341,1.7698114287090803,0.9200293471955311,0.5007160583686125,1.1798296970617026,1.293068772979542
triangle,0.5945895953291671,0.1263994284221352,1.4633293836995114,0.7717144136297474,0.9533297360987469,1.3225614364117473,0.44594194412604227
triangle,0.7976721063424175,0.3124966956802902,2.021008430555228,0.011589944562534456,1.014382073864513,0.0142274390592987,0.4180738376397414
triangle,0.3129298327145874,1.0425029860335318,0.7188672737143799,1.5339699781531368,2.804732711233233,2.0779546944862695,1.9456370020781977
triangle,0.7230847467292824,0.6180787079533139,1.7395260014596967,0.20300203114162496,0.5178014660817865,0.0995692871787691,0.2117425064875471
triangle,0.6764014688584207,0.7858537052841531,1.7205282541299662,0.05209223897419066,0.7675416627409377,0.5344196783699081,0.1884372729532437
triangle,0.5866578428465897,0.7593068334307117,1.5435876115001348,0.09683526863352791,0.6184165848015963,1.490654625275732,0.09099229206916465
triangle,0.570288187717409,1.6310695635095376,1.462967378258509,0.523933251734066,0.693871904601863,1.339649286654978,0.06615235303442683
triangle,0.3781433389474627,1.176912114014618,1.0227860127425317,2.2920576348617807,2.929015688925321,2.9092993481261273,3.9132768588687843
triangle,0.678548146561789,0.36070272477394844,1.6301101225958212,0.587113364306379,0.15529101609554133,0.5068753826011066,0.3009510809477911
triangle,0.6194385589191833,0.6174815775528127,1.5761679273282845,0.08651290460206794,0.568371295665262,0.8610401394540002,0.4235003033227371
triangle,0.34816814692970705,0.8920379415305393,0.6433017066886617,0.8885651327524013,1.2428553283503998,1.8264787036435968,1.102777600733275
triangle,0.5534788913510851,0.31759780846176366,1.3457979972859793,0.3528597306858912,0.04738076648560875,0.2283745727139266,0.0794559881325542
square,0.8766035942510964,1.1937199398031635,1.2770706764467947,0.018179024804584873,0.5379860664131839,0.5806146365186007,0.4899393486969468
square,0.8563686985499668,0.5044216554790385,1.0958480359898564,0.38226985593012813,1.1065558297906952,0.29544434700310135,0.5303409716944386
square,0.6847899670571422,0.6861579147963756,0.43684767729979634,0.9100683010099168,1.2539385759529245,1.014307220195667,1.3512638559430756
square,0.9086334724528079,0.13268832403355404,1.0423145801875053,0.3267437576182448,0.9893757492883374,0.36647542959843726,0.5022332438912231
square,0.8956861384451095,1.1776966837086906,1.0612648520671508,1.002403495261074,1.437578526725024,1.8760112441152126,1.0001654854976394
square,0.9530402151816406,1.6053802476402868,0.03468658318780885,0.20665475696476435,0.17091478686870487,0.6966555848498879,0.10892352726213855
square,0.9392264133844004,0.8743437071145395,0.796170767777922,0.5842831074789276,0.7153027379422189,1.026085788047693,0.5671879172621321
square,0.8061983891501205,0.9752919335849933,1.1470294652606259,0.2167008142210143,0.14291621734111307,1.046774574861103,0.04116967615905942
square,0.8967272911273809,0.060648239042768406,1.0281214232806524,0.35480642767717224,0.10030640281472887,1.4560983253347617,0.2689876540553358
square,0.9594245574219833,0.05808963391146069,1.0421522509277759,1.1486243083880243,2.1635858214380157,0.1126139184175695,1.9893621182406904
square,0.927184513136606,0.4541807888170064,1.3553849746910545,0.11432906064785245,0.8531805314445431,0.3416340761800471,1.7188287364472654
square,0.7424919033917581,1.0501630667859128,0.6510446001481234,0.18653973352408568,0.07051623777671583,0.3435147271442709,0.5291167739860736
square,0.8944400086654194,0.4655865900331547,0.3777152081079754,0.7375954143535935,1.2113823365936287,0.8486890026934737,0.9824530703036253
square,0.5577438335949885,0.6714656045101582,0.5715865958381802,0.6881403686340907,2.1700516909982825,1.1164028023111303,1.3223388238687732
square,0.9566775589620866,0.4196693118877435,1.2747234794670639,0.1074924419737261,0.4630830488306375,0.31932957931953426,0.1411022069155673
square,0.9305384698146842,1.7268304465236637,0.7638102356639049,1.7729663587828106,2.3022555352192278,2.721912645655903,2.761713807687456
square,0.4821932721044348,0.008245402939520212,0.6520837246649693,0.6520304970970351,0.7739544890453998,0.6999912359835725,0.8354181651851156
square,0.9429345830922898,0.2827690053317277,0.10103026562733787,0.1171470911541045,0.17386463370965982,0.4495843784840077,0.47387592634359943
square,0.9143397377934844,0.10471269635009872,0.8835765850179456,0.44242523405906853,0.5678402047203255,0.5528242812950286,0.27118701151235386
square,0.8020581018594469,0.43296918404306955,1.4168013481882624,0.21585242743105448,0.24773220416031078,0.10999131855867533,1.0262393137432095
square,0.8616762163420292,0.08965741859000395,1.0600379247895313,0.5493855286920666,0.29412499387383717,0.567991751256724,2.0538081965694195
square,0.8987817566468339,0.5848595422932226,0.5281305690683447,0.24521866356999963,0.5374432421801568,0.07174564056925829,0.09212333210962763
square,1.000761476214989,0.6146923323761164,0.6223271405260972,0.04308650570619396,0.06861850619553037,0.6316663015042108,0.31533419298641235
square,0.5836989726712332,1.0458596958964237,0.5175986748499398,1.0196003878564126,2.1975111339700333,1.5566357943242572,1.8239602537769513
square,0.9970694152398976,0.40726474372746096,0.9191616705150724,0.15666548677890585,0.25963444538323105,0.8711459325470581,0.6631045163977719
square,0.9673661904055039,0.5912090376101937,1.3494839552677127,0.3417149807609299,0.5986406586662469,1.9101792595406493,0.15553588450481998
square,0.6821471894853626,0.7001715157264256,0.06298511618574444,0.14006851321403477,0.07245311646806024,2.7241124156761907,0.10823514675148231
square,0.882778063895149,0.99655960358205,1.1432708515266092,0.30161441619454926,0.14349636406848834,1.053416237925758,0.04230517860523627
square,0.911600010999871,0.03845029120505438,0.5540668487121881,0.9227014518855015,1.1772572709544442,0.9625899128714057,1.3862816852618247
square,0.8928574493420055,2.073224291998617,1.2190786680809327,1.6628579232871668,4.531882194677356,2.7158215416867137,3.104128871970468
square,0.8987359775733392,0.07469213583602775,0.8440634830845282,0.024735936012003717,0.3514088089698544,0.6423561602995015,0.03734758125469871
square,0.9170378509869068,0.17741215473865105,0.9079006759527903,0.12367499501557692,0.250915422934617,0.6141892268674815,0.2868445381107074
square,0.8259773046727862,0.005573119505607031,0.9198431298695554,0.5460345611291004,1.0475727576200682,0.4214976611622143,1.187257264598281
square,0.8853002695630391,0.46624855096277246,1.273341422381138,0.4707747143662731,0.22717167814222983,1.1383536672750807,0.2130699428341121
square,0.854741812757164,0.4471385989909399,0.5953223071898325,0.520113498753712,1.0529056907283136,0.6258592752640999,0.5954343675800787
square,0.7595948054528322,0.03538892756845137,0.405230269592534,1.948978621590744,3.7317008161739538,2.688075288316679,2.722928342668981
square,0.8842060188289622,0.034412166727032796,0.9719188472686182,0.00759151171920835,0.646428379970764,0.24052636702481034,0.6493045217623842
square,0.9623557595058546,0.314022686778965,0.5261300695126778,0.05333949492987722,0.1269033809342474,0.23083791827719838,0.12348304579687557
square,0.577543424418812,0.9791415474510715,0.306745007789441,2.033142731299899,3.2955589368315157,2.5251050437092086,3.4330556755931028
square,0.911173345517394,0.4630940607147327,1.0040274949175634,0.02910507391788972,0.5350052209847465,0.2640229429699029,0.11401345288783823
square,0.5299078095403359,0.43761160078586414,0.06275871495274682,1.184640871608385,2.296560514093997,1.4194398678759734,1.7634699761675199
square,0.9553852171234547,0.3252584002991762,0.1521108716454451,0.3385451844159911,0.644747240773142,1.1492886302570593,0.533822011828414
square,0.9122607783253511,0.7848364410612769,0.22597426950373864,0.18492374777458706,0.15116116574689184,0.8479958424743776,0.4496636567634912
square,0.6356485310693565,0.8377568591233149,1.2248793952338448,1.4317731357550953,3.3192047060998675,2.476589776311515,2.777303594695259
square,0.8777509552670748,0.7104433226699587,0.7677831199315972,0.10862026896855755,0.1531624943487725,0.5857378232162658,0.06482346921744848
square,0.8483730707287986,1.4980017524996734,1.0854190346327028,0.10120669497917312,0.29370560257536676,1.0619165364516419,0.1695544495240701
square,0.8525691367452752,0.6864558117111335,1.0407309166678178,0.6070672743642089,1.6251756879222876,1.4178851052866817,0.39097269659150496
square,0.8160432209164391,0.29671384714746424,1.1417999487213684,0.5060472242869136,0.980859139376178,0.591231261636064,1.2814223712234745
square,0.8178724606731366,0.0513184850267916,0.6380466288889528,0.8497110233087597,1.6153851617725041,1.11384583146658,2.1035919714290214
square,0.8518849609303047,0.30784190048788235,0.2244780239730962,1.0027244793985657,1.1077679930338569,0.8487695305107787,1.3234208940582817
square,0.9059154709263679,0.008276863043603987,0.6134776178795472,0.2143993960130062,0.17299422438717438,0.1956844914490065,0.599879214459756
square,0.8084893062372263,0.10703577492036771,1.1644832217711376,0.15239401741224062,0.749590845510612,0.18407637884474198,0.506077715014466
square,1.1238483816854643,0.837668270502602,1.752383834095664,2.2099320183843534,4.1727829924624125,2.628722180855471,3.6449316384842922
square,0.9097684277023985,0.24686170546020014,0.2714647857770175,0.17252375911168116,0.6695922461408814,0.04973192731274713,0.4663777912244027
square,0.931731292398502,0.30084549738278604,0.6029607909050583,0.37397485780030176,0.6890710445994648,0.19930674826456837,0.732605938859845
square,0.9458663822312458,0.008233099557374102,1.4354634229676493,0.3886525685646652,0.11840861998136121,0.6636924493708669,0.4350628150939737
square,0.8245062623190194,0.034650012895647994,1.2274511280193656,0.3731983176686129,0.17371930471906563,0.38557452215469,0.03978697406220709
square,0.8580439967313134,2.2665843127790013,0.025830169814387155,0.3890323444070333,0.8371823945266339,0.8155505130037568,0.5961686455101726
square,0.9299367260194416,0.3104364341915511,0.8110448220610681,0.001531222754861958,0.09667202644472185,0.16605181714711192,0.34862017782461463
square,0.6127284636187903,0.6732057691307555,1.7795222204727386,0.041986580113266114,0.2897089733643488,0.3791041501688356,0.8076565632373902
square,0.9637950342880276,1.2408068936716534,0.24573743379459062,0.13130611102126544,1.2862310935273014,1.0254271644682937,0.07367690279090089
square,0.8662604120575893,0.1704059527225109,1.3193657926991162,0.11505973868884398,0.3842420611749563,0.004830151004477386,0.8027697763304561
square,0.8713964528139493,0.5925379529347664,1.169132844275615,0.09199781378730243,0.654117846539779,0.25955274011482077,0.43853331893623987
square,1.0174494901284725,0.9812552387416555,0.22410245240239549,0.5510990598138601,0.9548878284699384,1.6311420071813376,0.8017832145424256
square,0.8913920314205241,0.22637610228408156,0.6684126193662402,0.0520450228977995,0.2881994503596522,0.08399257609251287,0.2316464951795446
square,0.8214242854161183,0.8539495730524751,1.0433882254728402,0.15961644820336593,0.23205806618629446,0.7217573181591969,0.06032879627063928
square,0.9551744018852725,1.6801025364275084,0.09471009910805425,0.13938191858556306,0.09372711286244126,1.3133060212050793,0.11745108972879674
square,0.7238950835302163,1.2509595874211716,0.4208292506314907,0.5444829936799791,0.9320018466592075,0.16681045132432062,0.8021026383884358
square,0.8801431030723245,0.24888625795446198,0.15210624037426274,0.3554438632946649,0.48982117923030044,0.22744176350903134,0.42236951267372613
square,0.5822191459861109,0.5995335000082579,1.1753741865017666,0.8067746717098732,1.7978973065213093,1.1280106808417718,3.624701138902649
square,0.9067223626847345,0.23184374639548977,0.8174190217601942,0.06294243309986369,0.2602556430757081,0.1112536209543661,0.49656873478666785
square,0.9607222420205329,0.23747906884565334,1.367346156798775,0.7800064373820288,1.7129707996928845,0.8987197190291754,1.6929011064458563
square,0.7390750868344826,0.686246814425949,0.5625629188998444,0.4938185904586598,0.5192605370289469,0.31817366497045474,0.7686427456949626
square,0.8466704841443746,0.26403003478661163,1.0708526196694153,0.39896659124393147,0.9083391695358544,0.45702998486263824,1.0390136369821026
square,0.8365441890342926,0.9452290316223395,1.005504955848812,0.19269800459695893,0.6507165119658758,0.2816626026711222,0.6314240948231317
square,0.5709173471334401,0.28604014022662205,0.3507774131703677,0.3049991850548729,0.44918276464487933,0.16726441225133443,0.4172409553366543
square,0.9675785565623254,0.3826902267063424,0.7426656737829935,0.5996364637730232,1.3590360617374955,0.8016420088422824,0.5329048559780938
square,0.8856587513535858,0.26242307989114555,0.4914881917261303,0.010112413799412242,0.4448976359615202,0.19034509729610447,0.38243434587775904
square,0.9390623730364286,1.0986986800720675,0.32230932966689324,0.1969258712398066,0.40805245626691683,2.232484601103657,0.20658852811205655
square,0.93577357992347,0.19316509223467332,1.0353602076744584,0.286584789686713,0.8701270090041817,0.31675754537035816,0.6860696065820285
square,0.9896173597467822,2.021388492416727,0.2693105671860107,0.4367798491036058,0.8442888096913858,1.715317635246552,0.5759026799433667
square,0.8853327416086345,0.07018381934483649,1.2809253628722348,1.3453807906760338,1.9212450708920517,1.3102959115496644,1.3961386828320974
square,0.9184585267661577,0.0840780819333262,0.19077032039160455,1.2329345101228875,2.107503538771288,1.3467512692981274,2.083749600360436
square,0.7929711975247461,1.910406138412795,1.5706900716359582,0.1824495978505229,0.1061374125802589,1.3749733343445967,0.47522698239074057
square,0.8648395446498323,0.05513212059054169,1.045050594863604,0.5038572644963646,1.0422024174675208,0.49422427635455335,1.1890291789477614
square,0.4509308748634581,0.09771958513123961,0.6098836744291409,0.19748161567901165,0.9549730453968523,0.834087634513604,0.6485516411522969
square,0.9466097253163112,1.2611250603280295,0.560752368359743,0.28552817008257325,0.38158709145293546,0.9328340248456491,0.23844842154841167
square,0.9201541543013605,1.2191427940366242,0.32005925732282614,6.893768098080923e-07,0.28326221002474344,0.8090458463123407,0.34175649998021557
square,0.795440081624176,0.4378014803001581,0.837946117324629,0.10639226769146322,0.0177922936368405,0.4718119354344225,0.17283916897333626
square,1.0472442487646634,1.320958817432094,2.2123326291399326,2.0725014917103497,4.21370834059755,2.7280316645545266,3.0873672141322404
square,0.8901004650548654,1.5457157411350675,0.5469519256980171,0.6937771981342691,0.8896362167632014,2.3016771733936383,0.9499478782467164
square,0.9923745879481872,0.07547008130292931,0.6542084300087065,0.5285025023694776,0.8784856162433756,0.2933051627343894,1.0332046654964158
square,1.0118239505217792,1.0736797215855405,0.41666291763041796,0.10474899907885075,0.31928426512452035,0.47625002124876603,0.00658453414741921
square,0.8681252711944352,0.5707811991438829,1.4050353486079767,0.11611846495795053,0.57536896034096,0.20916660701175235,0.8143247188344942
square,0.9143773385428576,0.29485216038071405,0.3942684563893341,0.19456827068735508,0.22949812733595423,0.5169272973745791,0.2621981282234949
square,0.6273774972297336,1.643998010988814,0.12567021762074695,2.7277904666679835,4.154526359430678,3.5637275947605356,6.450730059229023
square,0.8918117349187523,0.30878543181846374,1.1064227007292866,0.18096576407865075,0.7463618301611369,0.29299852370124924,0.5651846321683984
square,0.8915868928823889,0.1857433118349326,0.8808043146836383,2.427486926359952,3.2013267444217353,2.362581718232729,4.520616692556894
square,0.8594443320104322,0.37759468518036654,1.3253467852275609,0.15121946961676333,0.8078707347948126,0.1779760074968686,0.6375165140177687
square,0.6371605666523521,0.5452411353956799,0.07008278671776566,1.0072627048790688,1.7551773957695722,1.373283807618953,1.6502722505470562
square,0.9458783128695445,0.4977437737347646,0.7296927283783212,0.46518515052480447,0.47789827341411184,1.5740194486211365,0.4891399234463154
square,0.8575219124688191,1.0612504449311806,1.110421159201204,0.6791605819685209,1.5687533496365031,0.1472494561240262,0.7609028648668452
square,0.8997784296258275,0.1366652101816013,0.25063939066292334,0.9775616471471646,1.6596096381468946,1.0681354654405326,1.877041237098583
square,0.8717092524577901,0.39161837342250616,0.778655858194812,0.006355741497774573,0.3797733677780971,0.2024198329291377,1.6280109140159156
square,0.8535203588160445,0.23054534592655893,0.36581775763047925,0.5298513487403559,0.6734432673335997,0.48166463536750065,0.9156031862076928
square,0.7265425499816782,0.2653368438637935,0.6261221582079933,0.6057260946763633,0.9175784840895596,1.4931970091663465,0.6514197160990782
square,0.8276292434868366,0.4345778237242425,0.6729786522212179,0.515502219466098,1.0971235929577534,0.7315868018243185,0.4856000640251934
square,0.9008203888875898,0.6664701779336083,1.2279494098603991,0.32894992205652657,0.9536139515644353,0.22435544995224285,0.9601066970160917
square,0.9184960425238311,0.8216599540771329,1.131215663653468,0.9469703420920527,0.8307367450714915,0.2513172705494583,0.36563362941108485
square,0.5990200527761291,1.499019477082116,0.5144498581674317,1.0471398015903484,2.6042380169319324,1.8582943349101393,1.8341048875716708
square,0.9424319347712018,1.4748258287969898,0.05056135334620994,0.026650071063218362,0.4959351775443623,1.1582173254318984,0.007034737513956373
square,0.9328084564642067,0.5753011720521388,0.7628280781553408,0.3253158368304866,0.70968573200223,0.47917177835659674,0.727686900537258
square,0.8705947992759155,0.19344345962783774,0.30995405248822017,0.37025542837261277,1.0186204595156332,0.6755290806014014,0.4133850778792435
square,0.5965414299266796,2.3562233819211786,0.6761204146826489,1.1923939411418507,2.4643671189565937,2.5181004904371247,2.1781508145885606
square,0.9978261686002867,1.1188859670780944,0.41833906209689625,0.5991141122813075,0.6905012108280262,1.160309227989385,1.8584710331359007
square,0.954987704795797,0.36482634914795437,0.7900367829128068,0.6420855112700761,1.3579943903975762,0.2814346802988493,0.21900235869739215
square,0.5716057891591566,1.210359365207033,0.2350717601666654,0.4852157819456703,0.87590111178082,1.0917223140988308,1.2863829352260043
square,0.9788626838869708,1.8999412148164498,1.126236163307159,0.5036209266332825,0.5909432921062326,0.8299507998596106,0.18634019801421184
square,0.9210512964374356,0.11740748020850199,0.21252792148360797,0.41075356928826245,0.5103470959725993,0.4457108936077453,1.8375455402791163
square,0.9396286263992581,1.0477625486441642,1.4327718477399956,0.38146236504366193,1.2228618670456857,0.9091651663563408,0.9970124427124604
square,1.0009681012263543,0.42430061637982464,0.6685760960021636,0.6805918899233672,1.0962483513835817,0.10637488743895664,1.2766394408141557
square,0.743906938087224,1.6422955920977786,0.09619520219833774,0.4298107010885561,1.3518914572059695,1.468314728423745,0.603426115626848
square,0.8815290311411176,0.29592534744097126,1.3186992148215966,0.1375294086487757,0.4408630445355452,2.0365036748952132,0.1783438747975965
square,0.9363136397254771,0.9086152722208165,0.47529088171847,0.8519591685361451,1.5018916951697185,0.19724846098054138,0.9086381112399406
square,0.9002988403263896,0.3187944760629861,0.9994693377804535,0.2567913411924478,0.049651736484017814,0.07900806782455927,0.8819666694091519
square,0.5047067684733666,0.5541211888714568,0.04336635607911134,2.1872879874041384,3.3335477479496136,2.510758654040953,3.7410669106065666
square,0.937584754164802,0.9503638914419009,0.21778971572646502,0.5027928845910598,1.2196403352683085,1.767165873096953,0.6612885196979199
square,0.8861654146071103,0.3145223655348144,1.1560360907830833,0.5138933742113885,0.2218142769177851,1.395198445083086,0.6443929986750582
square,0.8432582294121643,0.20308761460160152,0.9502783702340406,0.6515403808957604,0.5150284285102388,1.1552672667201092,1.1223748112285665
circle,0.7594289639154193,1.2127131947097243,0.05479089107306883,0.4134662088890383,0.5085930559288702,0.26597116102776946,0.48492167673302616
circle,0.6655634052062018,0.7829507205488169,0.5533390118598727,0.6744961576423268,1.3026671320964387,1.1297654641990516,1.88691953417654
circle,0.765218281859595,0.2831519128660204,0.09889843904522733,0.2586995748459141,0.767798260451505,0.6887195291945373,0.3709848826838516
circle,0.653095827373018,0.291867613366232,0.06345128700477098,0.48415615347165547,1.379967781495209,0.6395404835643739,0.7039545809977369
circle,0.7687908652904238,0.4134176208087294,0.07370006129897536,0.7560153812531614,1.1719677855328758,0.9899406851270106,2.3201531843315246
circle,0.491427207072905,1.2725964567659647,0.5572305100595727,0.8862790700595459,1.99650478358525,2.6228785083728465,1.647745625824469
circle,0.7515538576189615,0.030839796769381478,1.2603893576552032,0.6928914408107394,1.6708083404359175,0.8614629261351583,2.785536459106294
circle,0.7604206099792766,1.139124485479352,0.49468796635152235,1.727604298235285,3.673524303259617,2.3273376603384897,2.8434482455886103
circle,0.8174441319151501,1.5929297725054088,0.7221932327549314,0.31781720317351664,1.1071397784242811,1.1213947334542747,0.9119826933818692
circle,0.7550212205053184,1.3008070878491163,0.11265679179170031,0.10609839190310966,0.877266466846733,0.8758241621669679,0.22603664746969918
circle,0.9402473586788813,0.42174372968287804,1.3313603121593376,1.1983282336367247,2.228789775080206,0.9288427841075421,2.3730073938334764
circle,0.5918944320468705,1.7788756868586493,0.32046961122192896,0.021936587422343157,0.12674569827885274,1.2934798981014706,0.09652489667101077
circle,0.7526556017775221,0.7289116463913947,0.06542244846639005,0.5046864594446139,0.804706880304499,0.8847814683222271,1.3780056883427885
circle,0.7262922742182225,1.270954841826316,0.18165366061968277,0.1314156437025437,0.9890109952553052,0.9437372786421953,0.2873429459952781
circle,0.5217164577320306,1.21406155058027,0.09230568445919943,0.8088054396026065,1.5937812179436102,1.8643437869670318,1.3117513662880578
circle,0.7925278547471901,0.7897944527386205,2.359451467877153,0.7645579053267252,2.763076913621398,1.1594770959052816,2.357793323735929
circle,0.6480159365670155,0.765551542315749,0.05872214603616712,1.0032272672015277,2.40028220652025,2.0169207136244953,1.5382631204246529
circle,0.7783076899729395,0.7714667826174725,0.4479062629674848,0.16227289857503915,0.5448216614190903,1.239876456099652,0.7287827150047212
circle,0.6976058125939074,1.2195048364046346,0.5642931636634352,0.5542998398661685,2.545242095584767,1.1753632362379212,1.1138940290365635
circle,0.7338872580905451,0.4206678920628256,0.019780562344611154,0.10753869761467305,0.537246735432709,0.42131222804114826,0.21570262707810609
circle,0.6945915385560979,0.48935284476593277,0.4074036174469638,0.07042925892597729,0.16985355699480284,0.310344008436614,0.2840277931684358
circle,0.7536670856439006,1.6657558536114112,0.2283438766484399,0.361874451228157,0.6814484394165843,1.9463157283014527,0.5098972377551488
circle,0.7682618920761568,1.4443911069942628,0.04209139832154755,0.6104973474834915,1.4668812581545825,1.351418205365692,0.9108607420990829
circle,0.7885768578551855,0.9901991329761672,0.03402183225719712,0.6230491257362352,0.9999279419375243,1.1882960227043826,1.3015168592524917
circle,0.7677931563175672,0.52329413849921,0.0042582248864660895,0.7640591402713517,1.4942183050661382,1.0586001946436834,1.1922216082094022
circle,0.7353898714771946,0.9340242467216089,0.3891885454944133,0.35983163973774107,0.4185096155514681,0.852259281238675,0.6164578999806891
circle,0.4466654468423161,2.150963330879299,1.380245566288082,1.8025164328013035,3.418038050892471,2.8783086478375113,3.8828588910904918
circle,0.7772923500185118,0.13167649817534025,0.2896900172609057,0.0677963267211056,0.21489331457261296,0.3536636792586097,0.18730794352299707
circle,0.7916525549140466,1.674393040182316,0.13939556929125216,0.02346135436240745,0.034515100329531,0.8418612839418202,2.2175461776367693
circle,0.6155051368915504,0.05887948622430388,0.4739680758692267,0.4651358753762269,1.0419465678760287,0.6344692890519025,1.1392750450232512
circle,0.711555919964979,1.1786218931255728,0.05703888730607867,0.22407870768870422,0.6907022781349947,0.8176556059151974,0.3484035987643633
circle,0.6284777000413817,0.1982735062921195,0.14358643894910378,1.8264144832607143,2.839113319727715,1.774400539464809,3.2722669496649512
circle,0.6451127306530641,0.08699575394335747,0.055084044971501996,0.5513416432673852,1.6542227805549028,0.5355857757217304,0.8037512271731051
circle,0.759973286729059,1.2729270613127692,0.06352218113395479,0.22732692766586232,0.3220327272601413,0.8695424431179724,0.9303136145989204
circle,0.7844857018626197,0.8621029885601919,0.06629546206610737,0.04762942066336344,0.09265856215427641,0.45063540448101935,0.00748651160806191
circle,0.831056990306716,1.3675440209714735,0.033457996379866885,0.22087291986273802,0.30626758966229084,0.78147380768865,0.39806645740031915
circle,0.7119380417144684,0.683925939111048,0.514999351958177,0.6849015279273624,1.4028612661011657,1.5493430152769618,1.4736100196780333
circle,0.7550459501713429,0.04606976286026311,0.4116381293761504,0.9131639033445819,1.2402400941763694,1.1333546044367837,1.4280441523293268
circle,0.9672762137335064,1.081269101729791,2.3746046517779247,1.8226503467888349,3.675064614671028,2.296805267779156,3.83695970490955
circle,0.8347358612600438,1.0897889697770924,0.5919948212778441,0.7154243312218617,1.360047839534905,0.17052476262078495,0.6754175464547931
circle,0.4235364891911571,1.1604849487847448,0.30398535275117117,0.6581297201105802,1.3002788077002876,2.403299781054018,1.2796170137363578
circle,0.8067044686429132,0.911309331219397,1.9852011890775554,1.477988750716395,3.200163935271138,1.8012294260885462,2.5235341991153977
circle,0.7979850435705613,1.8971501867893232,0.4876471794864825,0.05063526824348237,0.009205996026544374,0.9444666077299546,0.2603963622358178
circle,0.6410682627127944,1.116923948097142,0.6360871071542312,0.24903480798581826,0.6135897943388164,1.5535338553250881,0.43144588268324535
circle,0.3937234318254275,1.1494682207868425,1.4469157997170696,0.6390393488598866,1.8351065541547569,1.5793605196098484,1.8299874569088506
circle,0.7297145482483882,2.2199629288372353,0.15399701406145297,0.6858492794051764,1.1515506303898306,2.09728989245461,1.4663073420885584
circle,0.7671338764518412,0.47508165620962584,2.3510284325279063,0.860436822850845,2.466600726318506,1.4154972307450038,3.8173846767693607
circle,0.49210206636474074,0.3121176853639074,0.9214707046402024,2.4043816073679327,4.0927585037744425,2.461463089638925,4.545435805288665
circle,0.8227907758915056,0.6505105193848089,0.3802126043002318,2.304911338666436,4.003458798929851,3.1475484157618445,3.2747042611974986
circle,0.6626912722896924,1.5811750380981937,0.3318338622822443,0.2996254882553309,0.5485210338495959,0.7097244404471255,0.32691651285407036
circle,0.7265900583677007,0.9626204233947394,0.6363147923765474,1.355711553207965,3.247030047608958,2.110858311532185,2.355270282452502
circle,0.6468696822070474,1.6783628988260768,0.08335239786526927,0.9625947383274084,1.4023937923572969,2.441482899746618,2.9456138044523477
circle,0.7056820079540913,1.333830604210142,0.6811243286634153,0.7942047959297979,2.9728769653161327,1.5289505087240007,1.5321544759323005
circle,0.7875425355665591,0.9811999679748081,0.24498478075562585,0.3346706220573784,1.7292533925119193,1.1668620349866068,0.6258429078636006
circle,0.7379432657152536,0.9249203640255548,0.3152205732250392,1.0636673996546044,1.8087304865058251,2.3260386304441,2.076092853925585
circle,0.733193510309144,1.614386480107209,0.03525554702004853,0.3723256006755862,1.8646179184206222,1.3257587431284537,0.5413501009257277
circle,0.7552339692875127,0.4008500913229241,0.8797361199437632,1.6935051468490332,3.1633636208199847,2.339366096863968,3.102209426020892
circle,0.4062026401629474,0.9869722946231967,0.3906873606716511,0.6603849999064112,1.7294337501791812,1.185602404340531,1.204462407656555
circle,0.72668216997184,0.07966235529730448,0.683501779442306,1.1149840604376566,2.1743167661829568,2.110090442403706,2.1555716070068938
circle,0.7255044085097309,2.081658387879687,0.2140560716879291,0.47747599415805275,0.13195630402261724,1.008144136987967,0.5836232399469612
circle,0.499517683316836,0.20130635700407395,0.3450048047249968,0.14541156093418925,0.274081354129399,0.6776737229355992,0.19980765929116248
circle,0.4546585320329517,2.3252282840962657,1.0816642584701877,1.446560120488883,3.5125966654109124,3.773175851801541,2.7161471181836103
circle,0.3738944740487388,0.6136422408789963,1.0872087417879122,1.1825518254083018,2.3516359317548106,1.4907126841690612,2.7356494178695283
circle,0.5404519244278465,0.9539703059580277,0.1722228143445973,0.31007087813228823,0.5331765300402418,0.2047190061088008,0.002015062745883533
circle,0.725684349811939,0.47338235211954593,0.2561875558720747,0.04170009551812917,0.3449972699973027,0.45119826063647617,0.17138701394218225
circle,0.7499360356752942,0.35267631952016304,0.0743608939887013,0.5497101301290669,0.9968985987744879,1.2496904381496483,1.0287927686734966
circle,0.7881124474289001,0.9812493915723586,0.1804849562549907,0.488310355493457,0.7020406031211011,0.39409371795787707,0.6375789101571997
circle,0.7823036965274802,0.04410399571404213,0.39252655124366764,1.0346935155497063,1.8524350835168824,1.0475383020889197,1.9578786627692857
circle,0.831511283497684,0.6679335834137043,0.6014692935728571,0.21296407876383894,0.6192292327944542,0.13655783777071392,0.5594602546994352
circle,0.6362860062329336,0.25667791608989476,0.8270259064090639,0.1523807167546601,0.2131877290297222,0.03035911550299606,0.6418115624389109
circle,0.6319123633235525,0.22001757875181974,0.641151421440577,0.5946837031980319,1.3417359706666034,0.764964573811417,1.3868338837808842
circle,0.7118193142701283,0.13746453795520458,0.0998084921589572,0.2154016482300431,0.2734658615439972,0.5075780159109748,1.7279375082263047
circle,0.7973294071236163,0.40624648702039323,0.1058060512959523,1.3325061908788145,2.111470979173832,1.7762563468025252,2.360875797533272
circle,0.7073675333378223,0.8808247623488727,0.26415764863210917,1.6201546384316383,3.6175071552910283,2.4154733869294773,2.5640014218542966
circle,0.7263208511219741,1.5396713299472569,0.4609217893048507,0.844548695685539,1.6602360968197756,1.869411410389794,1.63603569207063
circle,0.8709902920639093,1.876058524559099,0.5133422160922597,0.02797223955876895,0.10655104621187249,1.012665365276161,0.01153169356683248
circle,0.9200944215856296,0.5216956269392504,2.1554291429719115,1.7183049861614368,3.5405010498220277,1.9742437278017995,3.4617034981274792
circle,0.8372906963437516,1.0479559906430636,0.4676124850191372,0.01749238192953962,0.08992371904556949,1.145610573278518,0.14390583419463127
circle,0.4107437888077434,1.8379804826678343,0.29073658451208095,1.1750686021454166,1.9114399458949396,2.3222232539435663,2.8079938931641175
circle,0.7831798855310238,1.5865130784546222,0.22464987095967673,0.30500001635838797,0.6394869651531988,1.3912481611585172,0.4099308261191172
circle,0.44789665012370306,1.4619860655745929,1.3018483999754398,0.4387924686273965,1.6445487848028764,1.3067926306835793,1.361226955794887
circle,0.7477052300769642,0.4244718927082092,1.0600839859016442,1.1245609278579758,2.2320172235259528,1.4630770376350888,2.8028089646962537
circle,0.7048630640259858,0.8458153142914286,0.8794832673779917,1.0204249767477078,2.0095504719061394,1.9794074797376076,2.3615632020835786
circle,0.773847581414262,1.9055463125917536,0.11416254971110716,0.25513103912371543,0.5893245003850817,1.2610902891163953,0.5912654998169683
circle,0.5160917511409064,1.880407480517867,0.08826971099916277,0.20540538429903574,0.496710571460583,1.1704939056658321,0.35499011700746635
circle,0.4543174658489477,1.3012576567092906,0.4789627258632221,1.390376866583404,2.4039647639159556,2.2232155792747577,2.583100815893012
circle,0.7693281492202402,0.7397279924936417,0.34666377684287,0.43410968371510994,0.6546366012198976,1.2317462868126559,0.6049004051323245
circle,0.3833548363156487,1.6217534694059483,1.5930169903220803,1.2022105475749685,2.619034737214321,2.0221307983420767,3.135967439276658
circle,0.7919772223414154,1.4870846083110218,0.2792358747977196,0.9421965839950427,1.5094569451277868,2.631459538255398,1.3631263459703864
circle,0.707493887403769,1.2994179090377354,0.10189722527151374,0.17264126961763535,0.17676922217399454,0.6412278296105808,0.1405099250480251
circle,0.7470470889681718,1.7035685081053797,0.43643517121565634,0.5949896761175091,0.996145927631202,1.5579370275326134,0.7302089284668933
circle,0.782563767060793,1.27810438835446,0.5904908657240755,0.11624388314196442,0.4840397455296319,0.7616489198199285,1.0655523039698263
circle,0.4659271772551471,1.6038596182225546,1.358688268915962,2.6953808503268144,4.800583252440116,3.873062868146225,4.982191249716658
circle,0.7528011006345949,0.01207229404024701,0.5841596283527046,0.11446631173593197,0.1406192299456892,0.7273896638756647,0.04274060951102384
circle,0.7309375198632102,0.6151118409488009,0.5856962701313395,1.4499220511731663,2.586458163565707,1.8675716729526775,2.65549910602188
circle,0.755710684482167,1.493919865407252,0.009568508186129069,0.21061073339900865,0.29790089302208195,0.6830100427583196,0.30303163574555375
circle,0.40732995699670105,1.9932145013136386,0.7593224150534532,1.2607210920283092,2.5694403397295784,3.320237045835148,2.3339953155130972
circle,0.751199500969633,0.38616239058053015,0.4046215414978794,0.02396995588797277,0.15235258808579005,0.5631745977172855,0.4358709172286249
circle,0.6631125615393094,1.3459691581289313,0.24444812319359724,0.08323923916269944,0.02604523013314134,0.7731023064147293,0.49790729785854104
circle,0.7378240637291351,0.4008362225162419,0.7586130752702583,0.3514171587602413,0.027651404219748946,0.36054763646930255,0.9034705467717887
circle,0.4062182065712096,0.8675014085425787,1.0365892943379331,0.935788896174961,2.7300707915387172,1.564389191218611,1.9272975725624002
circle,0.8333898396955524,1.8058802659674706,1.333135710750621,0.5091030530695944,1.72505225372244,1.516537552811932,1.4947985035693914
circle,0.8458378424460752,0.2393213696891828,0.05158484542890503,0.098325640996487,0.8741865765791623,0.22090934206929688,0.18206498727776668
circle,0.7168582719436498,1.325386369112394,0.11327993382473898,0.633118791840007,1.0177630334342846,2.8022154133608095,1.6510870205003507
circle,0.6549520430957432,0.09848713522641658,0.40398205305898227,1.6359706105024996,2.6669761137081753,1.747901608565741,3.3085439017972202
circle,0.8203622165444363,0.761590113989212,0.39443391066725564,1.622922316543427,2.467124033720426,2.590455991122409,2.329644993105471
circle,0.7117829310972725,0.26422843144360814,0.6011271543300178,0.23786865323077297,0.6573773712139968,0.37634325396630225,2.8087518664949886
circle,0.5640383246626806,0.17726150333088814,0.16965337283019702,0.001604046052566735,0.08579285048755277,0.09293390853229139,1.0026970361398981
circle,0.844610135511465,0.7535246347368814,0.5032644347609458,0.09345484321868454,0.4787866178947255,0.5871370323099788,0.15566228431311155
circle,0.7447347372011535,0.6178727038590532,0.03939783496134642,0.6273364738628967,0.9917438347549754,2.8760490922994566,1.3984537427150823
circle,0.34604681359875666,0.4420977545444783,1.1721567667270405,0.5534206732470813,1.9605083853643404,0.8426482203646746,1.4346806595512733
circle,0.8398874262075247,0.922595252889461,0.8263591770521178,0.33115819648167094,0.909353760860707,0.13153017051352398,0.3834403780280452
circle,0.7535961192553082,0.008497538838872986,0.35098060796378483,0.5584327632567283,1.2308656803437479,0.8034447228371262,1.1124032414816358
circle,0.4481037738095277,1.714279217975005,2.5633023267532886,1.708610296220426,3.8756444856084697,2.6803989472684773,4.2820717317079
